Dijkstra,False,False,False,False,500000,407451,24888.8,NA,8.6713,0,15
Dijkstra,True,False,False,False,498633,407451,24888.8,NA,5.58898,0,15
Astar,True,False,False,False,391145,284007,24888.8,11.2666,2.15559,0,15
Astar,True,False,False,True,391527,284249,24888.8,11.2666,2.32013,0,15
Astar,True,False,True,True,391145,284007,24888.8,11.2666,2.36212,0,15
Astar,True,False,True,False,391700,284112,24888.8,11.2666,2.37835,0,15
Astar,True,True,False,False,220680,179527,397600,95.6157,0.92656,0,171
Astar,True,True,False,True,219529,178779,202608,48.209,1.01372,0,79
Astar,True,False,False,True,391527,284249,24888.8,11.2666,2.35637,0,15
Dijkstra,False,False,False,False,500000,407010,32198.3,NA,8.45234,1,9
Dijkstra,True,False,False,False,500000,407010,32198.3,NA,8.50266,1,9
Astar,True,False,False,False,491665,293069,32198.3,8.55571,4.39342,1,9
Astar,True,False,False,True,491700,293189,32198.3,8.55571,4.60253,1,9
Astar,True,False,True,True,491665,293069,32198.3,8.55571,4.57876,1,9
Astar,True,False,True,False,491676,292965,32198.3,8.55571,4.43309,1,9
Astar,True,True,False,False,441755,293008,452875,94.0737,2.57945,1,141
Astar,True,True,False,True,442410,293233,447991,92.5002,2.78131,1,141
Astar,True,False,False,True,491700,293189,32198.3,8.55571,4.52146,1,9
Dijkstra,False,False,False,False,500000,407372,17851.5,NA,8.09632,2,13
Dijkstra,True,False,False,False,286281,257151,17851.5,NA,0.857492,2,13
Astar,True,False,False,False,332787,255426,22967.9,6.9688,1.53475,2,10
Astar,True,False,False,True,334354,256435,22967.9,6.9688,1.75915,2,10
Astar,True,False,True,True,332787,255426,22967.9,6.9688,1.71437,2,10
Astar,True,False,True,False,333763,255889,22967.9,6.9688,1.74956,2,10
Astar,True,True,False,False,52853,44820,258317,61.0996,0.214877,2,104
Astar,True,True,False,True,50192,42632,210663,48.2131,0.220107,2,85
Astar,True,False,False,True,334354,256435,22967.9,6.9688,1.68485,2,10
Dijkstra,False,False,False,False,500000,407714,26092.3,NA,8.37644,3,14
Dijkstra,True,False,False,False,499879,407714,26092.3,NA,7.15057,3,14
Astar,True,False,False,False,390944,284072,26092.3,13.27,2.09317,3,14
Astar,True,False,False,True,391857,284520,26092.3,13.27,2.46985,3,14
Astar,True,False,True,True,390944,284072,26092.3,13.27,2.3791,3,14
Astar,True,False,True,False,391288,284108,26092.3,13.27,2.41637,3,14
Astar,True,True,False,False,361375,270922,429997,85.8876,1.95269,3,133
Astar,True,True,False,True,356624,268686,429997,85.8876,2.57038,3,133
Astar,True,False,False,True,391857,284520,26092.3,13.27,3.14316,3,14
Dijkstra,False,False,False,False,500000,407159,24708.3,NA,10.2749,4,14
Dijkstra,True,False,False,False,396526,359965,24708.3,NA,2.53953,4,14
Astar,True,False,False,False,161416,133680,24708.3,16.2176,0.804274,4,14
Astar,True,False,False,True,161572,133851,24708.3,16.2176,0.853178,4,14
Astar,True,False,True,True,161416,133680,24708.3,16.2176,0.881084,4,14
Astar,True,False,True,False,162494,134478,24708.3,16.2176,0.892833,4,14
Astar,True,True,False,False,126295,105584,333969,88.8876,0.565034,4,153
Astar,True,True,False,True,120652,101062,333969,88.8876,0.577398,4,153
Astar,True,False,False,True,161572,133851,24708.3,16.2176,0.943396,4,14
Dijkstra,False,False,False,False,500000,407391,18629.3,NA,11.4195,5,11
Dijkstra,True,False,False,False,153185,134541,18629.3,NA,0.469774,5,11
Astar,True,False,False,False,28586,24368,18629.3,8.31141,0.131732,5,11
Astar,True,False,False,True,28912,24650,18629.3,8.31141,0.158792,5,11
Astar,True,False,True,True,28586,24368,18629.3,8.31141,0.135491,5,11
Astar,True,False,True,False,28587,24362,18629.3,8.31141,0.133691,5,11
Astar,True,True,False,False,413910,290860,297453,71.9279,2.52288,5,126
Astar,True,True,False,True,413688,291028,306343,75.9614,2.82871,5,132
Astar,True,False,False,True,28912,24650,18629.3,8.31141,0.192222,5,11
Dijkstra,False,False,False,False,500000,406580,26918.3,NA,9.58003,6,13
Dijkstra,True,False,False,False,499558,406580,26918.3,NA,7.42671,6,13
Astar,True,False,False,False,325291,251011,26918.3,13.4234,1.75967,6,13
Astar,True,False,False,True,325085,250980,26918.3,13.4234,1.98345,6,13
Astar,True,False,True,True,325291,251011,26918.3,13.4234,2.00327,6,13
Astar,True,False,True,False,325666,251152,26918.3,13.4234,2.0006,6,13
Astar,True,True,False,False,344199,262143,190683,39.891,1.92025,6,64
Astar,True,True,False,True,341663,260888,190683,39.891,2.01161,6,64
Astar,True,False,False,True,325085,250980,26918.3,13.4234,1.94842,6,13
Dijkstra,False,False,False,False,500000,407478,21188.3,NA,9.87685,7,13
Dijkstra,True,False,False,False,475474,407478,21188.3,NA,3.37921,7,13
Astar,True,False,False,False,304124,237838,21188.3,10.2339,1.58771,7,13
Astar,True,False,False,True,304574,238202,21188.3,10.2339,1.76549,7,13
Astar,True,False,True,True,304124,237838,21188.3,10.2339,1.81988,7,13
Astar,True,False,True,False,304619,238061,21188.3,10.2339,1.71983,7,13
Astar,True,True,False,False,495102,292876,344184,100.837,5.1228,7,180
Astar,True,True,False,True,495021,293182,272590,78.404,5.42927,7,133
Astar,True,False,False,True,304574,238202,21188.3,10.2339,1.83714,7,13
Dijkstra,False,False,False,False,500000,406950,22162,NA,9.57235,8,13
Dijkstra,True,False,False,False,441440,396170,22162,NA,2.35476,8,13
Astar,True,False,False,False,254678,204050,22162,11.6162,1.26921,8,13
Astar,True,False,False,True,254188,203764,22162,11.6162,1.37041,8,13
Astar,True,False,True,True,254678,204050,22162,11.6162,1.36824,8,13
Astar,True,False,True,False,255231,204377,22162,11.6162,1.42835,8,13
Astar,True,True,False,False,344737,261997,150990,48.2477,1.77116,8,78
Astar,True,True,False,True,345472,262548,150990,48.2477,2.00824,8,78
Astar,True,False,False,True,254188,203764,22162,11.6162,1.41757,8,13
Dijkstra,False,False,False,False,500000,407606,26362.3,NA,9.64649,9,12
Dijkstra,True,False,False,False,469219,407603,26362.3,NA,3.10258,9,12
Astar,True,False,False,False,50419,42894,26362.3,13.2217,0.289487,9,12
Astar,True,False,False,True,50558,43025,26362.3,13.2217,0.251263,9,12
Astar,True,False,True,True,50419,42894,26362.3,13.2217,0.243883,9,12
Astar,True,False,True,False,50689,43105,26362.3,13.2217,0.228752,9,12
Astar,True,True,False,False,19151,16353,113405,25.542,0.078233,9,41
Astar,True,True,False,True,28787,24552,113405,25.542,0.138823,9,41
Astar,True,False,False,True,50558,43025,26362.3,13.2217,0.250189,9,12
Dijkstra,False,False,False,False,500000,407552,27543.2,NA,9.56592,10,14
Dijkstra,True,False,False,False,494850,407552,27543.2,NA,4.93218,10,14
Astar,True,False,False,False,226693,183741,27543.2,10.6327,1.14525,10,14
Astar,True,False,False,True,227886,184695,27543.2,10.6327,1.22158,10,14
Astar,True,False,True,True,226693,183741,27543.2,10.6327,1.21929,10,14
Astar,True,False,True,False,226901,183820,27543.2,10.6327,1.2952,10,14
Astar,True,True,False,False,257359,206037,551467,118.165,1.33708,10,204
Astar,True,True,False,True,255256,204647,507265,109.095,1.38204,10,176
Astar,True,False,False,True,227886,184695,27543.2,10.6327,1.31724,10,14
Dijkstra,False,False,False,False,500000,407984,25159.2,NA,9.7522,11,13
Dijkstra,True,False,False,False,499807,407984,25159.2,NA,8.21739,11,13
Astar,True,False,False,False,476870,293067,29708.4,9.81508,4.08678,11,14
Astar,True,False,False,True,477008,293138,29708.4,9.81508,4.67534,11,14
Astar,True,False,True,True,476870,293067,29708.4,9.81508,4.60118,11,14
Astar,True,False,True,False,476954,292942,29708.4,9.81508,5.27755,11,14
Astar,True,True,False,False,432614,293081,155944,31.8004,3.16358,11,40
Astar,True,True,False,True,431538,293260,155944,31.8004,3.46682,11,40
Astar,True,False,False,True,477008,293138,29708.4,9.81508,4.64286,11,14
Dijkstra,False,False,False,False,500000,407660,16492.4,NA,9.74884,12,12
Dijkstra,True,False,False,False,165127,145424,16492.4,NA,0.614547,12,12
Astar,True,False,False,False,55414,47031,16492.4,8.25357,0.271219,12,12
Astar,True,False,False,True,55932,47484,16492.4,8.25357,0.274009,12,12
Astar,True,False,True,True,55414,47031,16492.4,8.25357,0.260374,12,12
Astar,True,False,True,False,55103,46752,16492.4,8.25357,0.270809,12,12
Astar,True,True,False,False,121221,101496,549880,163.203,0.518571,12,283
Astar,True,True,False,True,127818,106908,356989,108.651,0.609034,12,180
Astar,True,False,False,True,55932,47484,16492.4,8.25357,0.272824,12,12
Dijkstra,False,False,False,False,500000,406850,26442.3,NA,9.93894,13,15
Dijkstra,True,False,False,False,498531,406850,26442.3,NA,6.42598,13,15
Astar,True,False,False,False,302527,236738,26694.5,6.63046,1.6133,13,9
Astar,True,False,False,True,303729,237589,26694.5,6.63046,1.76967,13,9
Astar,True,False,True,True,302527,236738,26694.5,6.63046,1.89201,13,9
Astar,True,False,True,False,301690,236118,26694.5,6.63046,1.95092,13,9
Astar,True,True,False,False,163826,135605,208660,44.1124,0.696929,13,73
Astar,True,True,False,True,163440,135367,314015,66.4412,0.75275,13,112
Astar,True,False,False,True,303729,237589,26694.5,6.63046,1.7567,13,9
Dijkstra,False,False,False,False,500000,407664,26080.3,NA,10.3364,14,11
Dijkstra,True,False,False,False,499654,407664,26080.3,NA,8.51393,14,11
Astar,True,False,False,False,476047,292798,26688.5,15.3078,4.96152,14,16
Astar,True,False,False,True,476128,292902,26688.5,15.3078,5.23623,14,16
Astar,True,False,True,True,476047,292798,26688.5,15.3078,5.11614,14,16
Astar,True,False,True,False,476061,292688,26688.5,15.3078,5.06491,14,16
Astar,True,True,False,False,349186,264586,142316,49.3665,2.20553,14,88
Astar,True,True,False,True,351103,265785,142316,49.3665,2.49875,14,88
Astar,True,False,False,True,476128,292902,26688.5,15.3078,5.3656,14,16
Dijkstra,False,False,False,False,500000,408039,28518.4,NA,11.4775,15,16
Dijkstra,True,False,False,False,499621,408039,28518.4,NA,8.60403,15,16
Astar,True,False,False,False,404353,288715,31348.3,15.3201,2.97829,15,16
Astar,True,False,False,True,404242,288825,31348.3,15.3201,3.2899,15,16
Astar,True,False,True,True,404353,288715,31348.3,15.3201,3.3123,15,16
Astar,True,False,True,False,404716,288756,31348.3,15.3201,3.19026,15,16
Astar,True,True,False,False,208924,170419,302387,65.1336,1.15268,15,93
Astar,True,True,False,True,208282,169982,302387,65.1336,1.24672,15,93
Astar,True,False,False,True,404242,288825,31348.3,15.3201,3.81948,15,16
Dijkstra,False,False,False,False,500000,407445,21954.6,NA,11.5281,16,11
Dijkstra,True,False,False,False,421188,380865,21954.6,NA,2.34243,16,11
Astar,True,False,False,False,175363,144560,21954.6,9.46614,0.97783,16,11
Astar,True,False,False,True,176825,145748,21954.6,9.46614,1.03911,16,11
Astar,True,False,True,True,175363,144560,21954.6,9.46614,0.979409,16,11
Astar,True,False,True,False,174927,144173,21954.6,9.46614,1.02871,16,11
Astar,True,True,False,False,258687,206950,240356,62.662,1.31704,16,105
Astar,True,True,False,True,260918,208597,240356,62.662,1.58134,16,105
Astar,True,False,False,True,176825,145748,21954.6,9.46614,1.05591,16,11
Dijkstra,False,False,False,False,500000,408721,16019.4,NA,11.0028,17,11
Dijkstra,True,False,False,False,201294,178430,16019.4,NA,0.746707,17,11
Astar,True,False,False,False,81998,69218,16019.4,11.5941,0.413263,17,11
Astar,True,False,False,True,82445,69621,16019.4,11.5941,0.395274,17,11
Astar,True,False,True,True,81998,69218,16019.4,11.5941,0.495653,17,11
Astar,True,False,True,False,82943,69981,16019.4,11.5941,0.587458,17,11
Astar,True,True,False,False,388292,283067,168938,58.4769,2.85448,17,93
Astar,True,True,False,True,387108,282782,168938,58.4769,3.17931,17,93
Astar,True,False,False,True,82445,69621,16019.4,11.5941,0.497305,17,11
Dijkstra,False,False,False,False,500000,407330,22972.1,NA,11.1645,18,10
Dijkstra,True,False,False,False,313915,282863,22972.1,NA,1.13019,18,10
Astar,True,False,False,False,147757,122780,22972.1,9.32586,0.640997,18,10
Astar,True,False,False,True,148207,123181,22972.1,9.32586,0.76252,18,10
Astar,True,False,True,True,147757,122780,22972.1,9.32586,0.824681,18,10
Astar,True,False,True,False,149080,123787,22972.1,9.32586,0.943744,18,10
Astar,True,True,False,False,425000,292338,59453,23.1052,3.07537,18,36
Astar,True,True,False,True,422576,292351,59453,23.1052,3.1717,18,36
Astar,True,False,False,True,148207,123181,22972.1,9.32586,0.921663,18,10
Dijkstra,False,False,False,False,500000,407556,26474.2,NA,12.8999,19,13
Dijkstra,True,False,False,False,497918,407556,26474.2,NA,6.5753,19,13
Astar,True,False,False,False,434682,292678,27673.3,7.22513,3.80967,19,11
Astar,True,False,False,True,434427,292796,27673.3,7.22513,3.91057,19,11
Astar,True,False,True,True,434682,292678,27673.3,7.22513,4.11811,19,11
Astar,True,False,True,False,434948,292568,27673.3,7.22513,4.25707,19,11
Astar,True,True,False,False,241387,194584,347920,80.1562,1.31027,19,146
Astar,True,True,False,True,237714,192039,347920,80.1562,1.02877,19,146
Astar,True,False,False,True,434427,292796,27673.3,7.22513,2.53858,19,11
Dijkstra,False,False,False,False,500000,407967,23311.1,NA,11.2876,20,10
Dijkstra,True,False,False,False,488678,407967,23311.1,NA,5.74459,20,10
Astar,True,False,False,False,142342,118457,23311.1,7.08988,0.937552,20,10
Astar,True,False,False,True,142690,118769,23311.1,7.08988,1.01635,20,10
Astar,True,False,True,True,142342,118457,23311.1,7.08988,0.95936,20,10
Astar,True,False,True,False,142782,118772,23311.1,7.08988,0.992817,20,10
Astar,True,True,False,False,182159,149973,434624,90.8826,0.936567,20,144
Astar,True,True,False,True,178752,147404,434624,90.8826,1.17769,20,144
Astar,True,False,False,True,142690,118769,23311.1,7.08988,0.545257,20,10
Dijkstra,False,False,False,False,500000,406782,21393.2,NA,6.91738,21,10
Dijkstra,True,False,False,False,71143,61642,21393.2,NA,0.174009,21,10
Astar,True,False,False,False,27610,23566,21393.2,9.79778,0.076657,21,10
Astar,True,False,False,True,27802,23738,21393.2,9.79778,0.081664,21,10
Astar,True,False,True,True,27610,23566,21393.2,9.79778,0.085735,21,10
Astar,True,False,True,False,27645,23586,21393.2,9.79778,0.088642,21,10
Astar,True,True,False,False,175613,144879,173490,69.6404,0.565361,21,108
Astar,True,True,False,True,172389,142434,173490,69.6404,0.632037,21,108
Astar,True,False,False,True,27802,23738,21393.2,9.79778,0.107062,21,10
Dijkstra,False,False,False,False,500000,406865,21508,NA,7.3133,22,18
Dijkstra,True,False,False,False,481125,406865,21508,NA,3.1295,22,18
Astar,True,False,False,False,441121,292873,24111.4,16.5363,2.4205,22,15
Astar,True,False,False,True,441333,292992,24111.4,16.5363,2.58912,22,15
Astar,True,False,True,True,441121,292873,24111.4,16.5363,2.67683,22,15
Astar,True,False,True,False,441014,292779,24111.4,16.5363,2.3732,22,15
Astar,True,True,False,False,439846,292910,166539,47.5702,2.20172,22,68
Astar,True,True,False,True,440800,293102,166539,47.5702,2.42875,22,68
Astar,True,False,False,True,441333,292992,24111.4,16.5363,2.90586,22,15
Dijkstra,False,False,False,False,500000,407828,21609.6,NA,7.80544,23,13
Dijkstra,True,False,False,False,411712,373556,21609.6,NA,2.49169,23,13
Astar,True,False,False,False,82360,69549,22048.7,7.1159,0.359132,23,9
Astar,True,False,False,True,83070,70168,22048.7,7.1159,0.458227,23,9
Astar,True,False,True,True,82360,69549,22048.7,7.1159,0.490618,23,9
Astar,True,False,True,False,82887,69963,22048.7,7.1159,0.498627,23,9
Astar,True,True,False,False,14679,12568,483563,103.622,0.076327,23,194
Astar,True,True,False,True,13050,11182,483563,103.622,0.058522,23,194
Astar,True,False,False,True,83070,70168,22048.7,7.1159,0.330631,23,9
Dijkstra,False,False,False,False,500000,408142,26172.9,NA,6.86154,24,15
Dijkstra,True,False,False,False,499681,408142,26172.9,NA,6.05625,24,15
Astar,True,False,False,False,434921,292861,26172.9,12.6335,2.55458,24,15
Astar,True,False,False,True,434905,292977,26172.9,12.6335,2.31428,24,15
Astar,True,False,True,True,434921,292861,26172.9,12.6335,2.07822,24,15
Astar,True,False,True,False,435183,292737,26172.9,12.6335,2.07337,24,15
Astar,True,True,False,False,269821,215035,250477,56.8709,0.897714,24,98
Astar,True,True,False,True,261599,209435,250477,56.8709,0.937752,24,98
Astar,True,False,False,True,434905,292977,26172.9,12.6335,2.11662,24,15
Dijkstra,False,False,False,False,500000,406894,22936.8,NA,6.57715,25,9
Dijkstra,True,False,False,False,498802,406894,22936.8,NA,4.25697,25,9
Astar,True,False,False,False,438456,292913,22936.8,8.83261,1.97337,25,9
Astar,True,False,False,True,438659,293017,22936.8,8.83261,2.09265,25,9
Astar,True,False,True,True,438456,292913,22936.8,8.83261,2.27207,25,9
Astar,True,False,True,False,438314,292798,22936.8,8.83261,2.16961,25,9
Astar,True,True,False,False,186210,153075,262742,78.2737,0.599722,25,131
Astar,True,True,False,True,182958,150615,277097,82.5437,0.621514,25,139
Astar,True,False,False,True,438659,293017,22936.8,8.83261,2.23563,25,9
Dijkstra,False,False,False,False,500000,406112,22233.5,NA,6.2495,26,8
Dijkstra,True,False,False,False,304463,273622,22233.5,NA,0.743859,26,8
Astar,True,False,False,False,66262,56132,22233.5,7.98722,0.195199,26,8
Astar,True,False,False,True,66559,56401,22233.5,7.98722,0.20958,26,8
Astar,True,False,True,True,66262,56132,22233.5,7.98722,0.210213,26,8
Astar,True,False,True,False,66862,56619,22233.5,7.98722,0.202251,26,8
Astar,True,True,False,False,101297,85251,403633,95.2828,0.270984,26,159
Astar,True,True,False,True,103267,86909,358662,82.0508,0.311799,26,152
Astar,True,False,False,True,66559,56401,22233.5,7.98722,0.202545,26,8
Dijkstra,False,False,False,False,500000,407192,26912.3,NA,6.27123,27,11
Dijkstra,True,False,False,False,493492,407192,26912.3,NA,3.08068,27,11
Astar,True,False,False,False,459636,292700,30670.8,12.0865,2.38562,27,10
Astar,True,False,False,True,459396,292831,30670.8,12.0865,2.51012,27,10
Astar,True,False,True,True,459636,292700,30670.8,12.0865,2.54967,27,10
Astar,True,False,True,False,459893,292548,30670.8,12.0865,2.58829,27,10
Astar,True,True,False,False,398172,286303,350560,77.9676,1.66458,27,130
Astar,True,True,False,True,396044,285926,370976,81.8521,1.85493,27,137
Astar,True,False,False,True,459396,292831,30670.8,12.0865,2.38182,27,10
Dijkstra,False,False,False,False,500000,407622,25202,NA,7.2195,28,9
Dijkstra,True,False,False,False,493458,407622,25202,NA,3.72625,28,9
Astar,True,False,False,False,241922,194901,25202,9.1673,0.907793,28,9
Astar,True,False,False,True,243112,195823,25202,9.1673,0.966317,28,9
Astar,True,False,True,True,241922,194901,25202,9.1673,0.988466,28,9
Astar,True,False,True,False,242040,194921,25202,9.1673,0.901389,28,9
Astar,True,True,False,False,471362,292963,311239,68.6888,2.5577,28,123
Astar,True,True,False,True,471807,293285,311239,68.6888,3.13508,28,123
Astar,True,False,False,True,243112,195823,25202,9.1673,1.18426,28,9
Dijkstra,False,False,False,False,500000,406747,29933.2,NA,7.11622,29,11
Dijkstra,True,False,False,False,499582,406747,29933.2,NA,4.79881,29,11
Astar,True,False,False,False,408101,289228,33967.2,9.09511,1.69802,29,13
Astar,True,False,False,True,408616,289454,33967.2,9.09511,1.90545,29,13
Astar,True,False,True,True,408101,289228,33967.2,9.09511,1.95674,29,13
Astar,True,False,True,False,408129,289158,33967.2,9.09511,1.95889,29,13
Astar,True,True,False,False,221131,179615,295791,63.811,0.709149,29,92
Astar,True,True,False,True,217999,177360,621768,132.098,0.756082,29,206
Astar,True,False,False,True,408616,289454,33967.2,9.09511,1.89243,29,13
Dijkstra,False,False,False,False,500000,407383,23318.6,NA,6.59962,30,17
Dijkstra,True,False,False,False,488610,407383,23318.6,NA,3.0526,30,17
Astar,True,False,False,False,287266,226660,23895.8,9.29902,1.1269,30,16
Astar,True,False,False,True,287755,227064,23895.8,9.29902,1.16932,30,16
Astar,True,False,True,True,287266,226660,23895.8,9.29902,1.14725,30,16
Astar,True,False,True,False,286904,226332,23895.8,9.29902,1.16695,30,16
Astar,True,True,False,False,154111,127872,415462,94.3087,0.462767,30,158
Astar,True,True,False,True,165956,137310,415462,94.3087,0.564589,30,158
Astar,True,False,False,True,287755,227064,23895.8,9.29902,1.16069,30,16
Dijkstra,False,False,False,False,500000,407605,29478.1,NA,6.34417,31,19
Dijkstra,True,False,False,False,499974,407605,29478.1,NA,6.09944,31,19
Astar,True,False,False,False,418543,291578,29589.9,10.0749,1.97474,31,14
Astar,True,False,False,True,419199,291806,29589.9,10.0749,2.13387,31,14
Astar,True,False,True,True,418543,291578,29589.9,10.0749,2.06061,31,14
Astar,True,False,True,False,418261,291456,29589.9,10.0749,2.00059,31,14
Astar,True,True,False,False,346926,263475,510413,111.027,1.22981,31,172
Astar,True,True,False,True,345767,262965,510413,111.027,1.33789,31,172
Astar,True,False,False,True,419199,291806,29589.9,10.0749,2.01555,31,14
Dijkstra,False,False,False,False,500000,406907,28070.6,NA,6.10845,32,13
Dijkstra,True,False,False,False,498233,406907,28070.6,NA,3.91913,32,13
Astar,True,False,False,False,265356,211699,30147.1,9.1275,0.860622,32,11
Astar,True,False,False,True,266920,212869,30147.1,9.1275,1.00069,32,11
Astar,True,False,True,True,265356,211699,30147.1,9.1275,0.944067,32,11
Astar,True,False,True,False,263913,210590,30147.1,9.1275,0.980596,32,11
Astar,True,True,False,False,96195,80917,497816,105.558,0.310624,32,166
Astar,True,True,False,True,95079,80027,553568,117.322,0.288636,32,181
Astar,True,False,False,True,266920,212869,30147.1,9.1275,0.977758,32,11
Dijkstra,False,False,False,False,500000,407492,24258.3,NA,7.05868,33,9
Dijkstra,True,False,False,False,490980,407492,24258.3,NA,3.41132,33,9
Astar,True,False,False,False,183853,151278,24258.3,7.83913,0.661786,33,9
Astar,True,False,False,True,184991,152217,24258.3,7.83913,0.704906,33,9
Astar,True,False,True,True,183853,151278,24258.3,7.83913,0.699859,33,9
Astar,True,False,True,False,183281,150790,24258.3,7.83913,0.68189,33,9
Astar,True,True,False,False,248789,200064,419075,88.0125,0.773928,33,154
Astar,True,True,False,True,247072,198974,419075,88.0125,0.85042,33,154
Astar,True,False,False,True,184991,152217,24258.3,7.83913,0.658677,33,9
Dijkstra,False,False,False,False,500000,408398,22073.5,NA,6.2038,34,16
Dijkstra,True,False,False,False,461537,407248,22073.5,NA,2.00462,34,16
Astar,True,False,False,False,367502,273862,23131.5,14.1888,1.47363,34,16
Astar,True,False,False,True,367678,274031,23131.5,14.1888,1.81178,34,16
Astar,True,False,True,True,367502,273862,23131.5,14.1888,1.81577,34,16
Astar,True,False,True,False,368100,274044,23131.5,14.1888,1.60201,34,16
Astar,True,True,False,False,207477,169400,280513,104.169,0.623386,34,166
Astar,True,True,False,True,203799,166690,193965,70.1976,0.745121,34,118
Astar,True,False,False,True,367678,274031,23131.5,14.1888,1.58708,34,16
Dijkstra,False,False,False,False,500000,407733,23651.8,NA,6.22359,35,14
Dijkstra,True,False,False,False,427488,386380,23651.8,NA,1.54701,35,14
Astar,True,False,False,False,26241,22365,23651.8,10.2882,0.113708,35,14
Astar,True,False,False,True,26107,22261,23651.8,10.2882,0.085577,35,14
Astar,True,False,True,True,26241,22365,23651.8,10.2882,0.084001,35,14
Astar,True,False,True,False,26351,22452,23651.8,10.2882,0.083868,35,14
Astar,True,True,False,False,65926,55868,348222,72.7313,0.176862,35,114
Astar,True,True,False,True,68982,58434,348222,72.7313,0.205567,35,114
Astar,True,False,False,True,26107,22261,23651.8,10.2882,0.081261,35,14
Dijkstra,False,False,False,False,500000,406960,20000.1,NA,6.27957,36,10
Dijkstra,True,False,False,False,189628,167606,20000.1,NA,0.420506,36,10
Astar,True,False,False,False,65249,55248,20000.1,12.1127,0.177448,36,10
Astar,True,False,False,True,65351,55352,20000.1,12.1127,0.191335,36,10
Astar,True,False,True,True,65249,55248,20000.1,12.1127,0.201502,36,10
Astar,True,False,True,False,65456,55402,20000.1,12.1127,0.191376,36,10
Astar,True,True,False,False,351165,265727,207619,64.4607,1.3202,36,107
Astar,True,True,False,True,351826,266216,207619,64.4607,1.4827,36,107
Astar,True,False,False,True,65351,55352,20000.1,12.1127,0.22698,36,10
Dijkstra,False,False,False,False,500000,407724,20970.4,NA,6.1886,37,12
Dijkstra,True,False,False,False,305970,275852,20970.4,NA,0.767814,37,12
Astar,True,False,False,False,138747,115570,20970.4,11.0977,0.385941,37,12
Astar,True,False,False,True,139798,116450,20970.4,11.0977,0.504938,37,12
Astar,True,False,True,True,138747,115570,20970.4,11.0977,0.478602,37,12
Astar,True,False,True,False,139213,115910,20970.4,11.0977,0.433095,37,12
Astar,True,True,False,False,385957,282134,308587,121.775,1.49986,37,192
Astar,True,True,False,True,385937,282310,308587,121.775,1.67908,37,192
Astar,True,False,False,True,139798,116450,20970.4,11.0977,0.513834,37,12
Dijkstra,False,False,False,False,500000,407207,23087.3,NA,6.34242,38,13
Dijkstra,True,False,False,False,355604,322313,23087.3,NA,1.05368,38,13
Astar,True,False,False,False,123033,102959,23087.3,8.60303,0.38622,38,13
Astar,True,False,False,True,123797,103617,23087.3,8.60303,0.401892,38,13
Astar,True,False,True,True,123033,102959,23087.3,8.60303,0.410228,38,13
Astar,True,False,True,False,122203,102250,23087.3,8.60303,0.400236,38,13
Astar,True,True,False,False,58919,49996,292481,76.5517,0.166139,38,127
Astar,True,True,False,True,55414,47088,342955,87.6091,0.171934,38,149
Astar,True,False,False,True,123797,103617,23087.3,8.60303,0.409318,38,13
Dijkstra,False,False,False,False,500000,407551,27061.2,NA,6.31306,39,15
Dijkstra,True,False,False,False,498982,407551,27061.2,NA,4.40147,39,15
Astar,True,False,False,False,227909,184731,27061.2,15.8248,0.80194,39,15
Astar,True,False,False,True,228086,184928,27061.2,15.8248,0.796808,39,15
Astar,True,False,True,True,227909,184731,27061.2,15.8248,0.827568,39,15
Astar,True,False,True,False,228572,185150,27061.2,15.8248,0.816443,39,15
Astar,True,True,False,False,263528,210425,218915,44.378,0.887226,39,67
Astar,True,True,False,True,259580,207782,218915,44.378,0.929648,39,67
Astar,True,False,False,True,228086,184928,27061.2,15.8248,0.808887,39,15
Dijkstra,False,False,False,False,500000,408448,25217.1,NA,6.34499,40,12
Dijkstra,True,False,False,False,497093,408448,25217.1,NA,3.71097,40,12
Astar,True,False,False,False,153009,126941,25217.1,11.1429,0.458103,40,12
Astar,True,False,False,True,152175,126328,25217.1,11.1429,0.517669,40,12
Astar,True,False,True,True,153009,126941,25217.1,11.1429,0.53852,40,12
Astar,True,False,True,False,154008,127699,25217.1,11.1429,0.518997,40,12
Astar,True,True,False,False,223451,181421,450623,91.5943,0.680163,40,143
Astar,True,True,False,True,221102,179762,691269,141.882,0.761649,40,232
Astar,True,False,False,True,152175,126328,25217.1,11.1429,0.499869,40,12
Dijkstra,False,False,False,False,500000,408086,23339.1,NA,6.39763,41,12
Dijkstra,True,False,False,False,481236,408086,23339.1,NA,2.42423,41,12
Astar,True,False,False,False,68602,58093,23339.1,10.5145,0.231512,41,12
Astar,True,False,False,True,69397,58775,23339.1,10.5145,0.210133,41,12
Astar,True,False,True,True,68602,58093,23339.1,10.5145,0.212765,41,12
Astar,True,False,True,False,68286,57806,23339.1,10.5145,0.199685,41,12
Astar,True,True,False,False,434055,292945,439476,91.7031,1.8539,41,139
Astar,True,True,False,True,433337,293097,406273,85.4916,2.02241,41,144
Astar,True,False,False,True,69397,58775,23339.1,10.5145,0.271859,41,12
Dijkstra,False,False,False,False,500000,408526,26359.8,NA,6.37355,42,15
Dijkstra,True,False,False,False,477929,408526,26359.8,NA,2.36599,42,15
Astar,True,False,False,False,338046,258337,26674.7,14.5976,1.2896,42,14
Astar,True,False,False,True,337582,258142,26674.7,14.5976,1.4114,42,14
Astar,True,False,True,True,338046,258337,26674.7,14.5976,1.43863,42,14
Astar,True,False,True,False,338682,258593,26674.7,14.5976,1.44264,42,14
Astar,True,True,False,False,324649,250567,119630,36.8582,1.15698,42,53
Astar,True,True,False,True,322456,249346,119630,36.8582,1.24211,42,53
Astar,True,False,False,True,337582,258142,26674.7,14.5976,1.4054,42,14
Dijkstra,False,False,False,False,500000,407260,30473.2,NA,6.33733,43,12
Dijkstra,True,False,False,False,499459,407260,30473.2,NA,4.69069,43,12
Astar,True,False,False,False,474426,292636,32673.7,17.395,2.6537,43,18
Astar,True,False,False,True,474491,292757,32673.7,17.395,2.84581,43,18
Astar,True,False,True,True,474426,292636,32673.7,17.395,2.80831,43,18
Astar,True,False,True,False,474452,292520,32673.7,17.395,2.90215,43,18
Astar,True,True,False,False,298385,234085,257087,58.5137,1.02471,43,101
Astar,True,True,False,True,298202,234097,257087,58.5137,1.18127,43,101
Astar,True,False,False,True,474491,292757,32673.7,17.395,3.25617,43,18
Dijkstra,False,False,False,False,500000,408005,24170.5,NA,6.56466,44,21
Dijkstra,True,False,False,False,370967,336632,24170.5,NA,1.12068,44,21
Astar,True,False,False,False,153967,127819,24170.5,20.5283,0.495805,44,21
Astar,True,False,False,True,154098,127975,24170.5,20.5283,0.496237,44,21
Astar,True,False,True,True,153967,127819,24170.5,20.5283,0.512858,44,21
Astar,True,False,True,False,154732,128381,24170.5,20.5283,0.526449,44,21
Astar,True,True,False,False,26842,22883,218083,64.3967,0.083278,44,115
Astar,True,True,False,True,25119,21438,141100,40.3678,0.073758,44,75
Astar,True,False,False,True,154098,127975,24170.5,20.5283,0.512763,44,21
Dijkstra,False,False,False,False,500000,408112,16453.1,NA,6.26243,45,10
Dijkstra,True,False,False,False,90894,78950,16453.1,NA,0.212034,45,10
Astar,True,False,False,False,32023,27274,16453.1,8.27783,0.092341,45,10
Astar,True,False,False,True,32319,27534,16453.1,8.27783,0.09954,45,10
Astar,True,False,True,True,32023,27274,16453.1,8.27783,0.100976,45,10
Astar,True,False,True,False,31748,27028,16453.1,8.27783,0.100209,45,10
Astar,True,True,False,False,256847,205626,419959,138.295,0.829872,45,233
Astar,True,True,False,True,253432,203293,144469,48.5641,0.926787,45,80
Astar,True,False,False,True,32319,27534,16453.1,8.27783,0.116072,45,10
Dijkstra,False,False,False,False,500000,407888,25716.7,NA,6.33093,46,8
Dijkstra,True,False,False,False,468726,407830,25716.7,NA,2.11888,46,8
Astar,True,False,False,False,40111,34129,25716.7,7.35485,0.149147,46,8
Astar,True,False,False,True,40372,34363,25716.7,7.35485,0.121165,46,8
Astar,True,False,True,True,40111,34129,25716.7,7.35485,0.125418,46,8
Astar,True,False,True,False,40016,34036,25716.7,7.35485,0.122265,46,8
Astar,True,True,False,False,415921,291420,689520,140.394,1.73848,46,213
Astar,True,True,False,True,414705,291352,649783,132.335,1.89187,46,200
Astar,True,False,False,True,40372,34363,25716.7,7.35485,0.165098,46,8
Dijkstra,False,False,False,False,500000,407685,23280.1,NA,6.26346,47,18
Dijkstra,True,False,False,False,421359,381637,23280.1,NA,1.39457,47,18
Astar,True,False,False,False,47003,39906,23280.1,14.2026,0.156346,47,18
Astar,True,False,False,True,47661,40478,23280.1,14.2026,0.1416,47,18
Astar,True,False,True,True,47003,39906,23280.1,14.2026,0.137215,47,18
Astar,True,False,True,False,47502,40314,23280.1,14.2026,0.141236,47,18
Astar,True,True,False,False,188073,154534,242449,49.7298,0.584392,47,87
Astar,True,True,False,True,178577,147217,421889,88.0742,0.637015,47,151
Astar,True,False,False,True,47661,40478,23280.1,14.2026,0.17032,47,18
Dijkstra,False,False,False,False,500000,407240,24137.4,NA,6.62521,48,10
Dijkstra,True,False,False,False,471037,407240,24137.4,NA,2.2241,48,10
Astar,True,False,False,False,343244,261229,24456.4,15.5131,1.4359,48,16
Astar,True,False,False,True,343187,261313,24456.4,15.5131,1.54537,48,16
Astar,True,False,True,True,343244,261229,24456.4,15.5131,1.58515,48,16
Astar,True,False,True,False,343930,261511,24456.4,15.5131,1.59833,48,16
Astar,True,True,False,False,361996,271635,136684,44.9374,1.54211,48,73
Astar,True,True,False,True,358429,270004,136684,44.9374,1.57601,48,73
Astar,True,False,False,True,343187,261313,24456.4,15.5131,1.46351,48,16
Dijkstra,False,False,False,False,500000,407176,20628.5,NA,6.42405,49,11
Dijkstra,True,False,False,False,79264,68780,20628.5,NA,0.197666,49,11
Astar,True,False,False,False,11731,10021,20628.5,12.057,0.034499,49,11
Astar,True,False,False,True,11826,10105,20628.5,12.057,0.036216,49,11
Astar,True,False,True,True,11731,10021,20628.5,12.057,0.03685,49,11
Astar,True,False,True,False,11788,10064,20628.5,12.057,0.03813,49,11
Astar,True,True,False,False,93337,78687,196702,48.2754,0.272806,49,76
Astar,True,True,False,True,110525,92862,196702,48.2754,0.354538,49,76
Astar,True,False,False,True,11826,10105,20628.5,12.057,0.041605,49,11
Dijkstra,False,False,False,False,500000,407415,28660.9,NA,6.57434,50,10
Dijkstra,True,False,False,False,499802,407415,28660.9,NA,5.67294,50,10
Astar,True,False,False,False,488798,292934,33641.5,10.1861,3.38517,50,11
Astar,True,False,False,True,488909,293079,33641.5,10.1861,3.52111,50,11
Astar,True,False,True,True,488798,292934,33641.5,10.1861,3.62791,50,11
Astar,True,False,True,False,488746,292790,33641.5,10.1861,3.55863,50,11
Astar,True,True,False,False,486049,293119,315447,68.7696,3.14958,50,109
Astar,True,True,False,True,486301,293281,315447,68.7696,3.41234,50,109
Astar,True,False,False,True,488909,293079,33641.5,10.1861,3.54802,50,11
Dijkstra,False,False,False,False,500000,408220,27955.2,NA,6.68402,51,11
Dijkstra,True,False,False,False,498287,408220,27955.2,NA,4.35246,51,11
Astar,True,False,False,False,181593,149576,27955.2,8.50997,0.652345,51,11
Astar,True,False,False,True,182697,150488,27955.2,8.50997,0.715091,51,11
Astar,True,False,True,True,181593,149576,27955.2,8.50997,0.677914,51,11
Astar,True,False,True,False,180695,148828,27955.2,8.50997,0.64672,51,11
Astar,True,True,False,False,82058,69264,430163,89.5586,0.251236,51,153
Astar,True,True,False,True,76554,64699,430163,89.5586,0.24468,51,153
Astar,True,False,False,True,182697,150488,27955.2,8.50997,0.674642,51,11
Dijkstra,False,False,False,False,500000,407495,21923.8,NA,6.54943,52,11
Dijkstra,True,False,False,False,231623,205948,21923.8,NA,0.516579,52,11
Astar,True,False,False,False,96407,81087,21923.8,7.56744,0.296577,52,11
Astar,True,False,False,True,96481,81173,21923.8,7.56744,0.326019,52,11
Astar,True,False,True,True,96407,81087,21923.8,7.56744,0.348859,52,11
Astar,True,False,True,False,96919,81480,21923.8,7.56744,0.347601,52,11
Astar,True,True,False,False,67230,56970,369167,123.48,0.185876,52,205
Astar,True,True,False,True,82280,69515,369167,123.48,0.252142,52,205
Astar,True,False,False,True,96481,81173,21923.8,7.56744,0.376634,52,11
Dijkstra,False,False,False,False,500000,408036,22297.3,NA,6.16758,53,20
Dijkstra,True,False,False,False,493584,408036,22297.3,NA,3.02559,53,20
Astar,True,False,False,False,408726,289366,22697.2,7.05247,1.96183,53,9
Astar,True,False,False,True,409549,289669,22697.2,7.05247,2.14592,53,9
Astar,True,False,True,True,408726,289366,22697.2,7.05247,2.15201,53,9
Astar,True,False,True,False,409443,289399,22697.2,7.05247,2.13233,53,9
Astar,True,True,False,False,21875,18720,349129,91.3452,0.120436,53,159
Astar,True,True,False,True,13014,11137,377318,98.5049,0.046065,53,176
Astar,True,False,False,True,409549,289669,22697.2,7.05247,1.97892,53,9
Dijkstra,False,False,False,False,500000,407545,25894.2,NA,6.64887,54,14
Dijkstra,True,False,False,False,499077,407545,25894.2,NA,4.50156,54,14
Astar,True,False,False,False,330744,254108,26509.4,10.928,1.26673,54,15
Astar,True,False,False,True,330038,253790,26509.4,10.928,1.35118,54,15
Astar,True,False,True,True,330744,254108,26509.4,10.928,1.43265,54,15
Astar,True,False,True,False,331823,254671,26509.4,10.928,1.38298,54,15
Astar,True,True,False,False,302236,236541,132375,27.2812,1.07176,54,51
Astar,True,True,False,True,300855,235750,132375,27.2812,1.21834,54,51
Astar,True,False,False,True,330038,253790,26509.4,10.928,1.3128,54,15
Dijkstra,False,False,False,False,500000,407404,27128.3,NA,6.37458,55,16
Dijkstra,True,False,False,False,497517,407404,27128.3,NA,4.12626,55,16
Astar,True,False,False,False,180431,148639,27128.3,10.4354,0.616871,55,16
Astar,True,False,False,True,180717,148906,27128.3,10.4354,0.638129,55,16
Astar,True,False,True,True,180431,148639,27128.3,10.4354,0.634583,55,16
Astar,True,False,True,False,181005,149041,27128.3,10.4354,0.590769,55,16
Astar,True,True,False,False,319407,247495,792819,160.297,1.03958,55,248
Astar,True,True,False,True,317470,246455,770587,155.332,1.18408,55,238
Astar,True,False,False,True,180717,148906,27128.3,10.4354,0.62984,55,16
Dijkstra,False,False,False,False,500000,408018,19919.5,NA,6.58254,56,15
Dijkstra,True,False,False,False,385791,350499,19919.5,NA,1.16386,56,15
Astar,True,False,False,False,208824,170374,19919.5,13.7299,0.695868,56,15
Astar,True,False,False,True,209830,171195,19919.5,13.7299,0.755037,56,15
Astar,True,False,True,True,208824,170374,19919.5,13.7299,0.823413,56,15
Astar,True,False,True,False,207844,169568,19919.5,13.7299,0.774896,56,15
Astar,True,True,False,False,431011,293178,186393,63.5611,2.06014,56,105
Astar,True,True,False,True,431964,293436,74900.4,26.605,2.29518,56,47
Astar,True,False,False,True,209830,171195,19919.5,13.7299,0.845919,56,15
Dijkstra,False,False,False,False,500000,407787,22305.2,NA,6.57655,57,12
Dijkstra,True,False,False,False,457009,404894,22305.2,NA,1.80372,57,12
Astar,True,False,False,False,75908,64168,22305.2,7.19557,0.23245,57,12
Astar,True,False,False,True,76455,64646,22305.2,7.19557,0.223896,57,12
Astar,True,False,True,True,75908,64168,22305.2,7.19557,0.215207,57,12
Astar,True,False,True,False,75499,63803,22305.2,7.19557,0.223138,57,12
Astar,True,True,False,False,268887,214069,373228,79.7464,0.797364,57,135
Astar,True,True,False,True,275291,218633,373228,79.7464,1.01223,57,135
Astar,True,False,False,True,76455,64646,22305.2,7.19557,0.263488,57,12
Dijkstra,False,False,False,False,500000,406556,24029.2,NA,6.66798,58,12
Dijkstra,True,False,False,False,490074,406556,24029.2,NA,3.0009,58,12
Astar,True,False,False,False,351790,266132,24029.2,6.61368,1.52872,58,12
Astar,True,False,False,True,353206,266969,24029.2,6.61368,1.65241,58,12
Astar,True,False,True,True,351790,266132,24029.2,6.61368,1.61531,58,12
Astar,True,False,True,False,350925,265553,24029.2,6.61368,1.57478,58,12
Astar,True,True,False,False,464174,292767,291282,77.5723,2.42673,58,133
Astar,True,True,False,True,465671,293053,291282,77.5723,2.73088,58,133
Astar,True,False,False,True,353206,266969,24029.2,6.61368,1.67184,58,12
Dijkstra,False,False,False,False,500000,407858,27149.4,NA,6.68918,59,11
Dijkstra,True,False,False,False,498241,407858,27149.4,NA,4.27136,59,11
Astar,True,False,False,False,165199,136690,27149.4,9.51601,0.57639,59,11
Astar,True,False,False,True,166134,137478,27149.4,9.51601,0.628478,59,11
Astar,True,False,True,True,165199,136690,27149.4,9.51601,0.632199,59,11
Astar,True,False,True,False,165055,136532,27149.4,9.51601,0.583942,59,11
Astar,True,True,False,False,352678,266622,408084,83.0997,1.34151,59,129
Astar,True,True,False,True,351381,266132,408084,83.0997,1.54336,59,129
Astar,True,False,False,True,166134,137478,27149.4,9.51601,0.627485,59,11
Dijkstra,False,False,False,False,500000,408079,25047.4,NA,6.64426,60,7
Dijkstra,True,False,False,False,498375,408079,25047.4,NA,4.10367,60,7
Astar,True,False,False,False,179699,148073,25047.4,6.3718,0.615101,60,7
Astar,True,False,False,True,180441,148694,25047.4,6.3718,0.678795,60,7
Astar,True,False,True,True,179699,148073,25047.4,6.3718,0.688669,60,7
Astar,True,False,True,False,180047,148298,25047.4,6.3718,0.65891,60,7
Astar,True,True,False,False,212302,173062,430384,86.9246,0.701382,60,130
Astar,True,True,False,True,215764,175769,430384,86.9246,0.774096,60,130
Astar,True,False,False,True,180441,148694,25047.4,6.3718,0.634101,60,7
Dijkstra,False,False,False,False,500000,407319,22851.3,NA,6.25349,61,16
Dijkstra,True,False,False,False,435991,392478,22851.3,NA,1.66812,61,16
Astar,True,False,False,False,192206,157694,22851.3,13.6259,0.668027,61,16
Astar,True,False,False,True,190984,156811,22851.3,13.6259,0.706214,61,16
Astar,True,False,True,True,192206,157694,22851.3,13.6259,0.701608,61,16
Astar,True,False,True,False,193945,158973,22851.3,13.6259,0.675524,61,16
Astar,True,True,False,False,102742,86321,513092,132.846,0.331545,61,228
Astar,True,True,False,True,108588,91164,513092,132.846,0.377192,61,228
Astar,True,False,False,True,190984,156811,22851.3,13.6259,0.746929,61,16
Dijkstra,False,False,False,False,500000,406139,24768,NA,6.72882,62,12
Dijkstra,True,False,False,False,496414,406139,24768,NA,3.53989,62,12
Astar,True,False,False,False,422503,291782,25084.5,14.0724,2.10774,62,14
Astar,True,False,False,True,422999,291922,25084.5,14.0724,2.1868,62,14
Astar,True,False,True,True,422503,291782,25084.5,14.0724,2.05253,62,14
Astar,True,False,True,False,422834,291709,25084.5,14.0724,2.06346,62,14
Astar,True,True,False,False,270941,215638,321649,113.453,0.914578,62,191
Astar,True,True,False,True,266928,212925,321649,113.453,0.970854,62,191
Astar,True,False,False,True,422999,291922,25084.5,14.0724,2.08358,62,14
Dijkstra,False,False,False,False,500000,407324,24795.6,NA,6.197,63,13
Dijkstra,True,False,False,False,498449,407324,24795.6,NA,4.00887,63,13
Astar,True,False,False,False,437919,292607,24795.6,9.83565,2.01551,63,13
Astar,True,False,False,True,438341,292710,24795.6,9.83565,2.17466,63,13
Astar,True,False,True,True,437919,292607,24795.6,9.83565,2.14223,63,13
Astar,True,False,True,False,438192,292506,24795.6,9.83565,2.07561,63,13
Astar,True,True,False,False,354752,267582,261773,85.298,1.36216,63,141
Astar,True,True,False,True,356405,268578,261773,85.298,1.50144,63,141
Astar,True,False,False,True,438341,292710,24795.6,9.83565,2.18484,63,13
Dijkstra,False,False,False,False,500000,407549,18756.9,NA,6.46295,64,13
Dijkstra,True,False,False,False,57070,49338,18756.9,NA,0.150915,64,13
Astar,True,False,False,False,18956,16213,18756.9,7.9428,0.049814,64,13
Astar,True,False,False,True,19147,16382,18756.9,7.9428,0.055688,64,13
Astar,True,False,True,True,18956,16213,18756.9,7.9428,0.055422,64,13
Astar,True,False,True,False,18925,16179,18756.9,7.9428,0.054482,64,13
Astar,True,True,False,False,111744,93731,141046,43.6824,0.309259,64,73
Astar,True,True,False,True,113463,95192,169244,56.0027,0.366051,64,87
Astar,True,False,False,True,19147,16382,18756.9,7.9428,0.068376,64,13
Dijkstra,False,False,False,False,500000,407729,17465,NA,6.13174,65,11
Dijkstra,True,False,False,False,424313,383832,17465,NA,1.59748,65,11
Astar,True,False,False,False,58272,49430,17465,10.6886,0.208119,65,11
Astar,True,False,False,True,58602,49724,17465,10.6886,0.188064,65,11
Astar,True,False,True,True,58272,49430,17465,10.6886,0.191427,65,11
Astar,True,False,True,False,58374,49497,17465,10.6886,0.184163,65,11
Astar,True,True,False,False,15367,13113,102729,22.1968,0.041751,65,38
Astar,True,True,False,True,1357,1165,102729,22.1968,0.004315,65,38
Astar,True,False,False,True,58602,49724,17465,10.6886,0.182721,65,11
Dijkstra,False,False,False,False,500000,407174,30056.3,NA,6.30578,66,16
Dijkstra,True,False,False,False,499853,407174,30056.3,NA,5.30496,66,16
Astar,True,False,False,False,453539,292808,30056.3,16.207,2.22496,66,16
Astar,True,False,False,True,453932,292976,30056.3,16.207,2.50875,66,16
Astar,True,False,True,True,453539,292808,30056.3,16.207,2.44634,66,16
Astar,True,False,True,False,453417,292681,30056.3,16.207,2.49724,66,16
Astar,True,True,False,False,454357,292985,393132,91.5737,2.18649,66,148
Astar,True,True,False,True,454062,293188,393132,91.5737,2.30546,66,148
Astar,True,False,False,True,453932,292976,30056.3,16.207,2.42357,66,16
Dijkstra,False,False,False,False,500000,408225,21914.5,NA,6.26934,67,11
Dijkstra,True,False,False,False,296165,266529,21914.5,NA,0.751427,67,11
Astar,True,False,False,False,119310,99897,21914.5,10.1699,0.373684,67,11
Astar,True,False,False,True,118295,99106,21914.5,10.1699,0.387509,67,11
Astar,True,False,True,True,119310,99897,21914.5,10.1699,0.386328,67,11
Astar,True,False,True,False,120499,100830,21914.5,10.1699,0.371257,67,11
Astar,True,True,False,False,224775,182310,322593,93.2915,0.658244,67,136
Astar,True,True,False,True,225848,183194,368060,107.156,0.778486,67,158
Astar,True,False,False,True,118295,99106,21914.5,10.1699,0.383251,67,11
Dijkstra,False,False,False,False,500000,407517,24998.2,NA,6.06485,68,11
Dijkstra,True,False,False,False,499633,407517,24998.2,NA,4.88945,68,11
Astar,True,False,False,False,214248,174552,24998.2,13.5274,0.724569,68,11
Astar,True,False,False,True,214413,174729,24998.2,13.5274,0.713658,68,11
Astar,True,False,True,True,214248,174552,24998.2,13.5274,0.739635,68,11
Astar,True,False,True,False,214326,174559,24998.2,13.5274,0.746609,68,11
Astar,True,True,False,False,322319,249250,434367,94.5665,1.01819,68,149
Astar,True,True,False,True,325293,251160,434367,94.5665,1.33811,68,149
Astar,True,False,False,True,214413,174729,24998.2,13.5274,0.782611,68,11
Dijkstra,False,False,False,False,500000,407452,22619.4,NA,6.20568,69,13
Dijkstra,True,False,False,False,493383,407452,22619.4,NA,3.05097,69,13
Astar,True,False,False,False,324377,250661,23302.5,9.27644,1.09247,69,18
Astar,True,False,False,True,325155,251218,23302.5,9.27644,1.22328,69,18
Astar,True,False,True,True,324377,250661,23302.5,9.27644,1.2988,69,18
Astar,True,False,True,False,324662,250741,23302.5,9.27644,1.27774,69,18
Astar,True,True,False,False,321179,248601,196154,44.3169,1.15087,69,80
Astar,True,True,False,True,319600,247804,486060,110.796,1.15955,69,176
Astar,True,False,False,True,325155,251218,23302.5,9.27644,1.32618,69,18
Dijkstra,False,False,False,False,500000,407134,19678.9,NA,6.21087,70,15
Dijkstra,True,False,False,False,491235,407134,19678.9,NA,2.91258,70,15
Astar,True,False,False,False,206107,168375,19678.9,9.01765,0.694567,70,15
Astar,True,False,False,True,207525,169510,19678.9,9.01765,0.77008,70,15
Astar,True,False,True,True,206107,168375,19678.9,9.01765,0.732078,70,15
Astar,True,False,True,False,206110,168319,19678.9,9.01765,0.717782,70,15
Astar,True,True,False,False,7745,6640,188764,41.8597,0.036496,70,62
Astar,True,True,False,True,5089,4375,188764,41.8597,0.014009,70,62
Astar,True,False,False,True,207525,169510,19678.9,9.01765,0.700358,70,15
Dijkstra,False,False,False,False,500000,407128,27640.6,NA,6.05556,71,13
Dijkstra,True,False,False,False,493845,407128,27640.6,NA,3.214,71,13
Astar,True,False,False,False,334113,256486,27640.6,17.0715,1.16731,71,13
Astar,True,False,False,True,334954,257057,27640.6,17.0715,1.36594,71,13
Astar,True,False,True,True,334113,256486,27640.6,17.0715,1.42935,71,13
Astar,True,False,True,False,334527,256624,27640.6,17.0715,1.31212,71,13
Astar,True,True,False,False,301407,236289,409736,100.186,1.02437,71,162
Astar,True,True,False,True,302449,237159,363087,86.2297,1.20994,71,141
Astar,True,False,False,True,334954,257057,27640.6,17.0715,1.40198,71,13
Dijkstra,False,False,False,False,500000,407620,28278.7,NA,6.16171,72,18
Dijkstra,True,False,False,False,499816,407620,28278.7,NA,5.13119,72,18
Astar,True,False,False,False,412949,290264,29215,12.9053,1.74826,72,15
Astar,True,False,False,True,414259,290707,29215,12.9053,1.97229,72,15
Astar,True,False,True,True,412949,290264,29215,12.9053,1.99138,72,15
Astar,True,False,True,False,412661,290104,29215,12.9053,1.99226,72,15
Astar,True,True,False,False,32650,27872,291502,61.0849,0.122843,72,92
Astar,True,True,False,True,34945,29826,291502,61.0849,0.105483,72,92
Astar,True,False,False,True,414259,290707,29215,12.9053,1.94205,72,15
Dijkstra,False,False,False,False,500000,407620,29017.1,NA,6.44985,73,12
Dijkstra,True,False,False,False,496524,407620,29017.1,NA,3.5762,73,12
Astar,True,False,False,False,316157,245750,30378.7,7.88952,1.17101,73,12
Astar,True,False,False,True,316029,245757,30378.7,7.88952,1.26616,73,12
Astar,True,False,True,True,316157,245750,30378.7,7.88952,1.31419,73,12
Astar,True,False,True,False,317158,246281,30378.7,7.88952,1.27389,73,12
Astar,True,True,False,False,20524,17542,613627,130.571,0.081838,73,225
Astar,True,True,False,True,26182,22348,471308,99.1897,0.071104,73,173
Astar,True,False,False,True,316029,245757,30378.7,7.88952,1.17268,73,12
Dijkstra,False,False,False,False,500000,407741,22779,NA,6.27265,74,9
Dijkstra,True,False,False,False,499081,407741,22779,NA,4.89157,74,9
Astar,True,False,False,False,238241,192338,22779,9.14699,1.04506,74,9
Astar,True,False,False,True,239586,193379,22779,9.14699,1.2324,74,9
Astar,True,False,True,True,238241,192338,22779,9.14699,1.00276,74,9
Astar,True,False,True,False,238693,192606,22779,9.14699,1.01813,74,9
Astar,True,True,False,False,250603,201272,140006,30.8114,0.914122,74,49
Astar,True,True,False,True,250448,201244,140006,30.8114,0.90131,74,49
Astar,True,False,False,True,239586,193379,22779,9.14699,0.899103,74,9
Dijkstra,False,False,False,False,500000,406919,25532.1,NA,6.45404,75,10
Dijkstra,True,False,False,False,491543,406919,25532.1,NA,2.80203,75,10
Astar,True,False,False,False,87571,73822,25532.1,8.70624,0.278834,75,10
Astar,True,False,False,True,88351,74502,25532.1,8.70624,0.272087,75,10
Astar,True,False,True,True,87571,73822,25532.1,8.70624,0.324566,75,10
Astar,True,False,True,False,87290,73569,25532.1,8.70624,0.280417,75,10
Astar,True,True,False,False,439450,293119,367990,75.6338,1.95364,75,114
Astar,True,True,False,True,438916,293314,367990,75.6338,2.19504,75,114
Astar,True,False,False,True,88351,74502,25532.1,8.70624,0.327912,75,10
Dijkstra,False,False,False,False,500000,407705,26294.6,NA,6.01745,76,9
Dijkstra,True,False,False,False,499970,407705,26294.6,NA,7.85703,76,9
Astar,True,False,False,False,432508,292795,26540.1,15.0361,2.3482,76,14
Astar,True,False,False,True,432898,292924,26540.1,15.0361,2.28068,76,14
Astar,True,False,True,True,432508,292795,26540.1,15.0361,2.20549,76,14
Astar,True,False,True,False,432421,292713,26540.1,15.0361,2.08679,76,14
Astar,True,True,False,False,260656,208532,390231,80.6233,0.951188,76,129
Astar,True,True,False,True,262346,209805,397710,82.0275,1.2062,76,132
Astar,True,False,False,True,432898,292924,26540.1,15.0361,2.18936,76,14
Dijkstra,False,False,False,False,500000,407599,28312.4,NA,7.95113,77,15
Dijkstra,True,False,False,False,494459,407599,28312.4,NA,3.38843,77,15
Astar,True,False,False,False,405241,288502,29392.3,10.1503,1.69908,77,9
Astar,True,False,False,True,406752,289045,29412.6,10.2679,1.8041,77,12
Astar,True,False,True,True,405241,288502,29392.3,10.1503,1.7935,77,9
Astar,True,False,True,False,404615,288192,29392.3,10.1503,1.79177,77,9
Astar,True,True,False,False,381346,280251,160065,39.2004,1.47051,77,65
Astar,True,True,False,True,379095,279512,160065,39.2004,1.60587,77,65
Astar,True,False,False,True,406752,289045,29412.6,10.2679,1.8878,77,12
Dijkstra,False,False,False,False,500000,407286,24192.7,NA,6.08093,78,17
Dijkstra,True,False,False,False,498641,407286,24192.7,NA,3.99589,78,17
Astar,True,False,False,False,379063,279312,24885.9,6.69479,1.49175,78,11
Astar,True,False,False,True,380391,280048,24885.9,6.69479,1.75549,78,11
Astar,True,False,True,True,379063,279312,24885.9,6.69479,2.32504,78,11
Astar,True,False,True,False,378358,278867,24885.9,6.69479,2.34645,78,11
Astar,True,True,False,False,105922,88965,479573,105.393,0.413141,78,184
Astar,True,True,False,True,99531,83758,909270,201.555,0.346996,78,346
Astar,True,False,False,True,380391,280048,24885.9,6.69479,1.74971,78,11
Dijkstra,False,False,False,False,500000,407933,21916.9,NA,7.3033,79,9
Dijkstra,True,False,False,False,344177,311551,21916.9,NA,1.18981,79,9
Astar,True,False,False,False,60770,51549,21916.9,10.6711,0.214639,79,9
Astar,True,False,False,True,60897,51671,21916.9,10.6711,0.213003,79,9
Astar,True,False,True,True,60770,51549,21916.9,10.6711,0.211758,79,9
Astar,True,False,True,False,61081,51788,21916.9,10.6711,0.207537,79,9
Astar,True,True,False,False,216872,176683,204925,44.4663,0.720805,79,78
Astar,True,True,False,True,206216,168738,204925,44.4663,0.766106,79,78
Astar,True,False,False,True,60897,51671,21916.9,10.6711,0.204961,79,9
Dijkstra,False,False,False,False,500000,408776,18059.9,NA,6.61956,80,17
Dijkstra,True,False,False,False,220685,196105,18059.9,NA,0.510866,80,17
Astar,True,False,False,False,93997,79153,18059.9,9.12659,0.284433,80,17
Astar,True,False,False,True,94672,79747,18059.9,9.12659,0.308947,80,17
Astar,True,False,True,True,93997,79153,18059.9,9.12659,0.309575,80,17
Astar,True,False,True,False,94595,79618,18059.9,9.12659,0.313687,80,17
Astar,True,True,False,False,72714,61561,207507,74.541,0.207962,80,127
Astar,True,True,False,True,62384,52961,207507,74.541,0.1895,80,127
Astar,True,False,False,True,94672,79747,18059.9,9.12659,0.329003,80,17
Dijkstra,False,False,False,False,500000,407876,24302.7,NA,6.19367,81,14
Dijkstra,True,False,False,False,498842,407876,24302.7,NA,4.17671,81,14
Astar,True,False,False,False,489093,292943,29174.2,11.1991,3.17005,81,10
Astar,True,False,False,True,489150,293056,29174.2,11.1991,3.32227,81,10
Astar,True,False,True,True,489093,292943,29174.2,11.1991,3.34042,81,10
Astar,True,False,True,False,489091,292833,29174.2,11.1991,3.3038,81,10
Astar,True,True,False,False,273118,217124,613951,143.454,0.902847,81,247
Astar,True,True,False,True,274887,218479,613951,143.454,0.974546,81,247
Astar,True,False,False,True,489150,293056,29174.2,11.1991,3.17305,81,10
Dijkstra,False,False,False,False,500000,407488,22243.2,NA,6.14246,82,16
Dijkstra,True,False,False,False,485579,407488,22243.2,NA,2.66655,82,16
Astar,True,False,False,False,368117,274145,22962.5,12.832,1.42296,82,15
Astar,True,False,False,True,368042,274190,22962.5,12.832,1.59732,82,15
Astar,True,False,True,True,368117,274145,22962.5,12.832,1.54005,82,15
Astar,True,False,True,False,368693,274335,22962.5,12.832,1.55452,82,15
Astar,True,True,False,False,122156,102176,266820,77.7088,0.350971,82,135
Astar,True,True,False,True,126963,106118,359926,101.349,0.359951,82,189
Astar,True,False,False,True,368042,274190,22962.5,12.832,1.46041,82,15
Dijkstra,False,False,False,False,500000,407657,32159.4,NA,6.10736,83,16
Dijkstra,True,False,False,False,499877,407657,32159.4,NA,5.52079,83,16
Astar,True,False,False,False,396520,285817,32933.6,7.97924,1.62151,83,10
Astar,True,False,False,True,397635,286307,32933.6,7.97924,2.29871,83,10
Astar,True,False,True,True,396520,285817,32933.6,7.97924,1.79876,83,10
Astar,True,False,True,False,396555,285754,32933.6,7.97924,1.80421,83,10
Astar,True,True,False,False,471572,292870,255197,52.4752,2.41331,83,82
Astar,True,True,False,True,470842,293130,290551,58.6566,2.60756,83,88
Astar,True,False,False,True,397635,286307,32933.6,7.97924,1.80427,83,10
Dijkstra,False,False,False,False,500000,407043,24837.8,NA,6.11182,84,14
Dijkstra,True,False,False,False,496503,407043,24837.8,NA,3.40281,84,14
Astar,True,False,False,False,498869,292695,37580.5,14.4255,4.08894,84,12
Astar,True,False,False,True,498870,292830,37580.5,14.4255,4.20051,84,12
Astar,True,False,True,True,498869,292695,37580.5,14.4255,4.27167,84,12
Astar,True,False,True,False,498864,292600,37580.5,14.4255,4.34726,84,12
Astar,True,True,False,False,499251,292698,770363,168.199,4.0235,84,280
Astar,True,True,False,True,499246,292926,770363,168.199,4.73046,84,280
Astar,True,False,False,True,498870,292830,37580.5,14.4255,4.48075,84,12
Dijkstra,False,False,False,False,500000,408026,22013.4,NA,6.12356,85,7
Dijkstra,True,False,False,False,276193,247776,22013.4,NA,0.641618,85,7
Astar,True,False,False,False,24454,20867,22013.4,5.70829,0.07818,85,7
Astar,True,False,False,True,24377,20812,22013.4,5.70829,0.061728,85,7
Astar,True,False,True,True,24454,20867,22013.4,5.70829,0.075143,85,7
Astar,True,False,True,False,24595,20978,22013.4,5.70829,0.065267,85,7
Astar,True,True,False,False,57419,48718,343524,72.2523,0.145795,85,123
Astar,True,True,False,True,52478,44601,343524,72.2523,0.163756,85,123
Astar,True,False,False,True,24377,20812,22013.4,5.70829,0.0894,85,7
Dijkstra,False,False,False,False,500000,405883,25030.8,NA,6.13188,86,13
Dijkstra,True,False,False,False,496079,405883,25030.8,NA,3.13292,86,13
Astar,True,False,False,False,321778,248889,25030.8,9.74586,1.14,86,13
Astar,True,False,False,True,322004,249119,25030.8,9.74586,1.23466,86,13
Astar,True,False,True,True,321778,248889,25030.8,9.74586,1.26639,86,13
Astar,True,False,True,False,322246,249111,25030.8,9.74586,1.23103,86,13
Astar,True,True,False,False,185773,152847,178456,40.5386,0.589564,86,79
Astar,True,True,False,True,184489,151960,178456,40.5386,0.594812,86,79
Astar,True,False,False,True,322004,249119,25030.8,9.74586,1.26801,86,13
Dijkstra,False,False,False,False,500000,407570,24038.9,NA,5.97556,87,12
Dijkstra,True,False,False,False,494790,407570,24038.9,NA,3.18981,87,12
Astar,True,False,False,False,382883,280803,24725.7,8.11787,1.64589,87,10
Astar,True,False,False,True,383293,281065,24725.7,8.11787,1.66912,87,10
Astar,True,False,True,True,382883,280803,24725.7,8.11787,1.68728,87,10
Astar,True,False,True,False,383081,280752,24725.7,8.11787,1.61391,87,10
Astar,True,True,False,False,253980,203532,192659,49.4045,0.752275,87,85
Astar,True,True,False,True,251978,202204,192659,49.4045,0.821889,87,85
Astar,True,False,False,True,383293,281065,24725.7,8.11787,1.60999,87,10
Dijkstra,False,False,False,False,500000,407637,24743,NA,5.97599,88,12
Dijkstra,True,False,False,False,491706,407637,24743,NA,2.93701,88,12
Astar,True,False,False,False,388342,282918,24743,16.9718,1.73512,88,12
Astar,True,False,False,True,388263,282987,24743,16.9718,1.80286,88,12
Astar,True,False,True,True,388342,282918,24743,16.9718,1.89371,88,12
Astar,True,False,True,False,388377,282829,24743,16.9718,1.7551,88,12
Astar,True,True,False,False,314044,244119,200795,66.1359,1.22348,88,111
Astar,True,True,False,True,308837,241009,200795,66.1359,1.18813,88,111
Astar,True,False,False,True,388263,282987,24743,16.9718,2.27291,88,12
Dijkstra,False,False,False,False,500000,406606,27092.3,NA,5.86159,89,9
Dijkstra,True,False,False,False,499008,406606,27092.3,NA,3.94564,89,9
Astar,True,False,False,False,389010,283246,27092.3,7.38918,1.61266,89,9
Astar,True,False,False,True,389535,283530,27092.3,7.38918,1.74099,89,9
Astar,True,False,True,True,389010,283246,27092.3,7.38918,1.81059,89,9
Astar,True,False,True,False,389518,283330,27092.3,7.38918,1.88875,89,9
Astar,True,True,False,False,216503,176174,333624,76.8981,0.744788,89,113
Astar,True,True,False,True,223795,181747,333624,76.8981,0.764174,89,113
Astar,True,False,False,True,389535,283530,27092.3,7.38918,1.74332,89,9
Dijkstra,False,False,False,False,500000,407388,22571.6,NA,6.03539,90,12
Dijkstra,True,False,False,False,490998,407388,22571.6,NA,2.77438,90,12
Astar,True,False,False,False,366686,273560,22571.6,9.71448,1.32634,90,12
Astar,True,False,False,True,366862,273720,22571.6,9.71448,1.61115,90,12
Astar,True,False,True,True,366686,273560,22571.6,9.71448,1.6156,90,12
Astar,True,False,True,False,367261,273783,22571.6,9.71448,1.63422,90,12
Astar,True,True,False,False,490420,292683,184533,57.152,3.14377,90,85
Astar,True,True,False,True,490290,292847,184533,57.152,3.43383,90,85
Astar,True,False,False,True,366862,273720,22571.6,9.71448,1.58588,90,12
Dijkstra,False,False,False,False,500000,407876,18762.8,NA,6.44459,91,7
Dijkstra,True,False,False,False,263188,235292,18762.8,NA,0.589745,91,7
Astar,True,False,False,False,19544,16702,18762.8,7.57789,0.071057,91,7
Astar,True,False,False,True,19596,16751,18762.8,7.57789,0.055031,91,7
Astar,True,False,True,True,19544,16702,18762.8,7.57789,0.053667,91,7
Astar,True,False,True,False,19389,16564,18762.8,7.57789,0.055358,91,7
Astar,True,True,False,False,446747,292566,242465,52.331,2.04472,91,91
Astar,True,True,False,True,447443,292825,242465,52.331,2.26932,91,91
Astar,True,False,False,True,19596,16751,18762.8,7.57789,0.103294,91,7
Dijkstra,False,False,False,False,500000,407496,24801.8,NA,6.10925,92,14
Dijkstra,True,False,False,False,498886,407496,24801.8,NA,4.25449,92,14
Astar,True,False,False,False,489780,293275,29778.3,10.1896,3.18581,92,12
Astar,True,False,False,True,489883,293378,29778.3,10.1896,3.40283,92,12
Astar,True,False,True,True,489780,293275,29778.3,10.1896,3.4586,92,12
Astar,True,False,True,False,489863,293130,29778.3,10.1896,3.32899,92,12
Astar,True,True,False,False,482387,293237,469805,102.869,2.78566,92,176
Astar,True,True,False,True,482356,293574,239846,52.9727,3.02398,92,82
Astar,True,False,False,True,489883,293378,29778.3,10.1896,3.45175,92,12
Dijkstra,False,False,False,False,500000,407366,23504.9,NA,6.30367,93,17
Dijkstra,True,False,False,False,482363,407366,23504.9,NA,2.54087,93,17
Astar,True,False,False,False,206162,168405,23504.9,14.4399,0.833021,93,17
Astar,True,False,False,True,206800,168956,23504.9,14.4399,1.05711,93,17
Astar,True,False,True,True,206162,168405,23504.9,14.4399,0.916861,93,17
Astar,True,False,True,False,206317,168474,23504.9,14.4399,0.794049,93,17
Astar,True,True,False,False,450896,292500,339859,78.2164,2.15546,93,118
Astar,True,True,False,True,451700,292657,339859,78.2164,2.39003,93,118
Astar,True,False,False,True,206800,168956,23504.9,14.4399,0.765793,93,17
Dijkstra,False,False,False,False,500000,407180,23831.5,NA,6.18905,94,15
Dijkstra,True,False,False,False,377921,343145,23831.5,NA,1.13448,94,15
Astar,True,False,False,False,97647,82131,23831.5,11.5685,0.304554,94,15
Astar,True,False,False,True,97749,82240,23831.5,11.5685,0.325579,94,15
Astar,True,False,True,True,97647,82131,23831.5,11.5685,0.36063,94,15
Astar,True,False,True,False,97659,82109,23831.5,11.5685,0.319382,94,15
Astar,True,True,False,False,196546,160974,381669,93.6701,0.573776,94,159
Astar,True,True,False,True,208782,170425,471451,116.332,0.725715,94,200
Astar,True,False,False,True,97749,82240,23831.5,11.5685,0.32183,94,15
Dijkstra,False,False,False,False,500000,406784,24007.9,NA,6.18202,95,12
Dijkstra,True,False,False,False,479526,406784,24007.9,NA,2.382,95,12
Astar,True,False,False,False,339790,259466,24007.9,9.9624,1.25498,95,12
Astar,True,False,False,True,339724,259525,24007.9,9.9624,1.36118,95,12
Astar,True,False,True,True,339790,259466,24007.9,9.9624,1.48066,95,12
Astar,True,False,True,False,339844,259394,24007.9,9.9624,1.4931,95,12
Astar,True,True,False,False,312877,243465,260265,83.2761,1.18188,95,138
Astar,True,True,False,True,312169,243167,260265,83.2761,1.31597,95,138
Astar,True,False,False,True,339724,259525,24007.9,9.9624,1.52652,95,12
Dijkstra,False,False,False,False,500000,406987,20016.5,NA,6.45573,96,12
Dijkstra,True,False,False,False,202905,179691,20016.5,NA,0.438225,96,12
Astar,True,False,False,False,58824,49874,20016.5,10.3792,0.163971,96,12
Astar,True,False,False,True,59123,50145,20016.5,10.3792,0.178748,96,12
Astar,True,False,True,True,58824,49874,20016.5,10.3792,0.173146,96,12
Astar,True,False,True,False,58922,49946,20016.5,10.3792,0.186677,96,12
Astar,True,True,False,False,423773,292486,253268,68.16,1.87367,96,111
Astar,True,True,False,True,422208,292572,451422,117.476,1.95475,96,192
Astar,True,False,False,True,59123,50145,20016.5,10.3792,0.216269,96,12
Dijkstra,False,False,False,False,500000,406994,21748.2,NA,6.28205,97,10
Dijkstra,True,False,False,False,466818,406969,21748.2,NA,2.05911,97,10
Astar,True,False,False,False,69430,58772,21748.2,7.86942,0.224827,97,10
Astar,True,False,False,True,70178,59412,21748.2,7.86942,0.221609,97,10
Astar,True,False,True,True,69430,58772,21748.2,7.86942,0.217362,97,10
Astar,True,False,True,False,69273,58620,21748.2,7.86942,0.223461,97,10
Astar,True,True,False,False,1426,1218,70427.1,14.5672,0.009627,97,27
Astar,True,True,False,True,1415,1209,70427.1,14.5672,0.004115,97,27
Astar,True,False,False,True,70178,59412,21748.2,7.86942,0.224906,97,10
Dijkstra,False,False,False,False,500000,407441,22509.4,NA,6.15956,98,10
Dijkstra,True,False,False,False,448672,400659,22509.4,NA,1.76478,98,10
Astar,True,False,False,False,373319,276858,25440.2,15.0462,1.57489,98,14
Astar,True,False,False,True,374133,277353,25440.2,15.0462,1.72274,98,14
Astar,True,False,True,True,373319,276858,25440.2,15.0462,1.70122,98,14
Astar,True,False,True,False,373113,276680,25440.2,15.0462,1.69703,98,14
Astar,True,True,False,False,166338,137609,330973,80.7131,0.513679,98,133
Astar,True,True,False,True,168446,139338,330973,80.7131,0.564407,98,133
Astar,True,False,False,True,374133,277353,25440.2,15.0462,1.7061,98,14
Dijkstra,False,False,False,False,500000,408060,21759.5,NA,6.38247,99,12
Dijkstra,True,False,False,False,328862,297463,21759.5,NA,0.902907,99,12
Astar,True,False,False,False,108648,91220,21759.5,14.1082,0.318385,99,12
Astar,True,False,False,True,109036,91570,21759.5,14.1082,0.337791,99,12
Astar,True,False,True,True,108648,91220,21759.5,14.1082,0.344753,99,12
Astar,True,False,True,False,108759,91279,21759.5,14.1082,0.320544,99,12
Astar,True,True,False,False,37082,31566,326180,85.3094,0.094045,99,142
Astar,True,True,False,True,38131,32459,326180,85.3094,0.101187,99,142
Astar,True,False,False,True,109036,91570,21759.5,14.1082,0.316552,99,12
